postId,originalVideoUrl,comparedVideoUrl
3077146564,https://cdn4.sharechat.com/c47e4e2_1681799980096.mp4,https://cdn3.sharechat.com/contents/moj_3077146564/h265/02JO2Q4BYDuj9VAZX0RrTjn8V9m01vi3pyGBXNo2.mp4
3077150878,https://cdn4.sharechat.com/27067e4c_1681800196088.mp4,https://cdn3.sharechat.com/contents/moj_3077150878/h265/JkEjkg4Yp7Fkl8O6V3p8iveQ40kRw5CD1l2pBN8l.mp4
3077132047,https://cdn4.sharechat.com/25437278_1681799287275.mp4,https://cdn3.sharechat.com/contents/moj_3077132047/h264/KkZWkgn6XVTJ491nLVZDTkDxXA20Ovf9Y4reGER4.mp4
3077151111,https://cdn4.sharechat.com/ec12a74_1681800207316.mp4,https://cdn3.sharechat.com/contents/moj_3077151111/h265/5XgPX09Q8Duxwr5b4B9dU27ommKDvnfkkeyADk8.mp4
3077153660,https://cdn4.sharechat.com/38600b8f_1681800330181.mp4,https://cdn3.sharechat.com/contents/moj_3077153660/attributed/yPpZwLNAlYSe4k6jXAALUpnQVZ7gLXHY4gJ5.mp4
3077148744,https://cdn4.sharechat.com/22a0345d_1681800090332.mp4,https://cdn3.sharechat.com/contents/moj_3077148744/h265/eO5bOgwmlNIZOrL067ADIxLjb9O2LptRp0JnK72Y.mp4
3077152434,https://cdn4.sharechat.com/1a1cd9d0_1681800266012.mp4,https://cdn3.sharechat.com/contents/moj_3077152434/h265/gOR8Ogwj5QID39xNB1eBiZQe26OVJytQQNy2Xep.mp4
3077139813,https://cdn4.sharechat.com/a6ce964_1681799652489.mp4,https://cdn3.sharechat.com/contents/moj_3077139813/h264/krj9rGewvgTbGdYljgKYio6NAmL4RrckPVE54ADO.mp4
3077150673,https://cdn4.sharechat.com/10e5fc4c_1681800185130.mp4,https://cdn3.sharechat.com/contents/moj_3077150673/h265/JkEjkg4Yp7Fkl8O6V3p8ivLWKZ731riD1l2pBN8l.mp4
3077137055,https://cdn4.sharechat.com/b297122_1681799518619.mp4,https://cdn3.sharechat.com/contents/moj_3077137055/h264/OkZ3kgE6nNTGldAQYNpkUmPEKlR7vvIE7yo69Ary.mp4
3077137055,https://cdn4.sharechat.com/b297122_1681799518619.mp4,https://cdn3.sharechat.com/contents/moj_3077137055/h264/n6l869pZ3vh7GWxKZRpOUQEL6kWv1jcmm45Yo30.mp4
3077155372,https://cdn4.sharechat.com/204a3632_1681800412437.mp4,https://cdn3.sharechat.com/contents/moj_3077155372/h265/o6KO6L5mE3sdnv5Epewxsl26A132rvC3r8Jo1YV2.mp4
3077149956,https://cdn4.sharechat.com/25085960_1681800151369.mp4,https://cdn3.sharechat.com/contents/moj_3077149956/h265/6kpbkjg12DFk0Wj3DZbBhNnA2A3Z1xckkXBRAOL.mp4
3077152132,https://cdn4.sharechat.com/2da7d09_1681800254054.mp4,https://cdn3.sharechat.com/contents/moj_3077152132/h265/PkZVkgv0KoFnrewGQYVQtWbOZZWWpDfjjLom9j6.mp4
3077149956,https://cdn4.sharechat.com/25085960_1681800151369.mp4,https://cdn3.sharechat.com/contents/moj_3077149956/h265/jxl8xv5nkAu2j6AZDgJPsAg6K6ZkgpiOKmgde1xm.mp4
3077152035,https://cdn4.sharechat.com/2c71b6d2_1681800250160.mp4,https://cdn3.sharechat.com/contents/moj_3077152035/h265/Gk3AkgVemNFk1jx3GvnGFjwWZW0mppIllVOpdln.mp4
3077135729,https://cdn4.sharechat.com/34277d8_1681799456757.mp4,https://cdn3.sharechat.com/contents/moj_3077135729/h264/5XgPX0V5Z2Ixwr5b4B63heO51xK3v3HkkeyAL17.mp4
3077140409,https://cdn4.sharechat.com/226cfb10_1681799680501.mp4,https://cdn3.sharechat.com/contents/moj_3077140409/h264/6kpbkjLRAoTk0Wj3DZNGcNyjP9bW0bS1ey2RE3QL.mp4
3077133217,https://cdn3.sharechat.com/attribute_removed_new_3077133217_611391_354791_3008e9d1_168179934.mp4,https://cdn3.sharechat.com/contents/moj_3077133217/per-h265/Vk7R278YmOuRxxx95xWeumoEyA4xRVuEgGE8L1n7UrOrAB.mp4
3077140000,https://cdn4.sharechat.com/c8de65c_1681799659191.mp4,https://cdn3.sharechat.com/contents/moj_3077140000/h265/krj9rGR3OWTbGdYljg4ZCWXoe7X8x5CkPVE54ADO.mp4
3077150237,https://cdn4.sharechat.com/329d9a84_1681800165670.mp4,https://cdn3.sharechat.com/contents/moj_3077150237/compressed/11QA4nnK1AHERwnV6AyyTb4ZOeXjxZSN2L1Z.mp4
3077150577,https://cdn4.sharechat.com/3af731a6_1681800182582.mp4,https://cdn3.sharechat.com/contents/moj_3077150577/h264/VknQkgpD90TNEr7Xj0vrSmpPPvX2VRTddvo2JVE.mp4
3077149443,https://cdn4.sharechat.com/389ad593_1681800123171.mp4,https://cdn3.sharechat.com/contents/moj_3077149443/h265/w6DO6AvZo7seQNn7LRVlsYxvRmb6ZBHgyXvojQ8X.mp4
3077137396,https://cdn4.sharechat.com/2a9016f9_1681799535868.mp4,https://cdn3.sharechat.com/contents/moj_3077137396/h265/BklNkyWZn3FxJ7Qng3KjHeg11V609Es67pv5mJ8b.mp4
3077136787,https://cdn4.sharechat.com/305213c8_1681799507130.mp4,https://cdn3.sharechat.com/contents/moj_3077136787/per-h265/yDQp5QL3g2cW333p43KjU8lROP5DRQi2WyEY9X8NsPnwYY.mp4
3077140562,https://cdn4.sharechat.com/9697ac4_1681799687338.mp4,https://cdn3.sharechat.com/contents/moj_3077140562/per-h265/EkKdjKYy6Ou0999NO91rSvgJgr6V2nfE2v0k6vJZsvNV88.mp4
3077168831,https://cdn4.sharechat.com/2d0cfcd2_1681801080011.mp4,https://cdn3.sharechat.com/contents/moj_3077168831/h264/Yr9ArglDnpT7VEwJ8WDECRNDeVxlRdceeWGr167.mp4
3077147466,https://cdn4.sharechat.com/1a774e2e_1681799993643.mp4,https://cdn3.sharechat.com/contents/moj_3077147466/h264/LkZvkg36WLTkp2GYEL0JuREX8dj3y8i55VEbYOl.mp4
3059142453,https://cdn4.sharechat.com/2b25724c_1680602599972.mp4,https://cdn3.sharechat.com/contents/moj_3059142453/mpd/jxJyXPABQwt0brpydQGphApQEe5knYuKA5ONE.mp4
3077128210,https://cdn3.sharechat.com/attribute_removed_new_3077128210_490179_352762_33d10012_168179910.mp4,https://cdn3.sharechat.com/contents/moj_3077128210/per-h265/dreRje2NXvS63331l30WIepoDJ4byRf9rgdAQ0NVubQDZd.mp4
3077135634,https://cdn4.sharechat.com/51d0783_1681799450043.mp4,https://cdn3.sharechat.com/contents/moj_3077135634/h264/x6AO6wW59QhE7YV3yKPLIEPYA0DJwOF22KPOG8v.mp4
3077147680,https://cdn4.sharechat.com/1f55c1aa_1681800039927.mp4,https://cdn3.sharechat.com/contents/moj_3077147680/h264/9kPWk8N0xeTJpny6WgokuVy3pJ2YE4ing7lrQPy7.mp4
3077151025,https://cdn4.sharechat.com/ef1b16e_1681800202189.mp4,https://cdn3.sharechat.com/contents/moj_3077151025/compressed/yPQ3oWWEP3Tekd2ZX399upnQVZ7gLRhYDX49.mp4
3077148981,https://cdn4.sharechat.com/1f0ae40f_1681800102453.mp4,https://cdn3.sharechat.com/contents/moj_3077148981/attributed/VNRen84K6jtm5Jre3llPse23DN4Gk5Ckm1Vx.mp4
3077153656,https://cdn4.sharechat.com/ac925da_1681800330274.mp4,https://cdn3.sharechat.com/contents/moj_3077153656/h264/2B2bBmGN4pup6vJBNZ3bC8mm1oNrewiDDAVQvD6.mp4
3077149863,https://cdn4.sharechat.com/ccf6726_1681800146713.mp4,https://cdn3.sharechat.com/contents/moj_3077149863/h265/jxl8xv5nkAu2j6AZDgJPsARyNVklnptXXWQdKv4.mp4
3077130886,https://cdn4.sharechat.com/d9e9006_1681799236650.mp4,https://cdn3.sharechat.com/contents/moj_3077130886/per-h265/dreRje2NXvS63331l30WIepoDG8VdEt2AomGrg32FV5DWnj.mp4
3077143520,https://cdn4.sharechat.com/29b424e3_1681799830952.mp4,https://cdn3.sharechat.com/contents/moj_3077143520/h265/v6XO6mWJbQsOY4LneRm7TD3J0yP9JbCNNZrbP6D.mp4
3077145572,https://cdn4.sharechat.com/1bfd740d_1681799930728.mp4,https://cdn3.sharechat.com/contents/moj_3077145572/h265/KkZWkgNlbmFJ491nLVEnUGpPAwj833fnnQ7eAn3.mp4
3077131007,https://cdn3.sharechat.com/attribute_removed_new_3077131007_475608_249301_5a1a50c_1681799243.mp4,https://cdn3.sharechat.com/contents/moj_3077131007/per-h265/6k0Ym0NO6wuAxxxwoxNrINmojKobDBSyZlyRowPdCLkQwOr.mp4
3077132217,https://cdn4.sharechat.com/2027e7bc_1681799300455.mp4,https://cdn3.sharechat.com/contents/moj_3077132217/per-h265/WrmRbm2QAOSR555lb5wpuAY2EP7rV0u2102Ek8oLumlP1QX.mp4
3077150101,https://cdn4.sharechat.com/8791a7a_1681800158471.mp4,https://cdn3.sharechat.com/contents/moj_3077150101/attributed/9rmGP7yDglS5bRnEKOOYIkLKmpXDxKsVygp0.mp4
3077146335,https://cdn4.sharechat.com/379a9392_1681799969923.mp4,https://cdn4.sharechat.com/379a9392_1681799969923.mp4
3077135789,https://cdn4.sharechat.com/17dcae4b_1681796242699.mp4,https://cdn3.sharechat.com/contents/moj_3077135789/h264/9kPWk8N0xeTJpny6WgAotV2dZJ8rn6ujjvkrgYe.mp4
3077140511,https://cdn4.sharechat.com/2806c2f0_1681799684613.mp4,https://cdn3.sharechat.com/contents/moj_3077140511/h264/LkZvkg36WLTkp2GYEL0KcRdWjR5vEbu55VEb95B.mp4
3077160737,https://cdn4.sharechat.com/1a9012fb_1681800674949.mp4,https://cdn3.sharechat.com/contents/moj_3077160737/per-h265/DklBelNd6yujbbbv1b6ZF9rjrnGewKIELvEBWnkpFp7NVdg.mp4
3077136605,https://cdn4.sharechat.com/decce0a_1681799488099.mp4,https://cdn3.sharechat.com/contents/moj_3077136605/per-h265/kr1Vb1LK54SNJJJVoJ4nsoK405OjWQiVRrB3R6n1h1Z8kk.mp4
3077135146,https://cdn3.sharechat.com/attribute_removed_new_3077135146_887662_734926_7537c19_1681799427.mp4,https://cdn3.sharechat.com/contents/moj_3077135146/h264/Akd4kJygj5T5XQEO1LD6UJkm4wpoDjH884OBx8p.mp4
3077136755,https://cdn4.sharechat.com/310c1ed1_1681799504958.mp4,https://cdn3.sharechat.com/contents/moj_3077136755/h265/v6XO6mWJbQsOY4LneRkQFDZ99j45OpsNNZrbeNA.mp4
3077152027,https://cdn3.sharechat.com/attribute_removed_new_3077152027_392706_252726_105cf2d4_168180025.mp4,https://cdn3.sharechat.com/contents/moj_3077152027/h265/Wr37rg4EGoTY2VQyZjoZCpW0Gwd5K6TZZKJRVZX.mp4
3077144121,https://cdn4.sharechat.com/226ca4ab_1681799856994.mp4,https://cdn3.sharechat.com/contents/moj_3077144121/h265/mrQ1r35LnGT2vXy9D6AGcyY7BE8moAfLLKjGno1.mp4
3077153122,https://cdn4.sharechat.com/697f3ba_1681800304253.mp4,https://cdn3.sharechat.com/contents/moj_3077153122/attributed/WYRe32NolZuAbJVpK99XupWvxR7NGyHlmE3d.mp4
3077146151,https://cdn4.sharechat.com/f3c39df_1681799956960.mp4,https://cdn3.sharechat.com/contents/moj_3077146151/h265/4eKoew7BZkIbA20m7QWLcPlydVW90LilJ25Q78w9.mp4
3077133274,https://cdn4.sharechat.com/2b4c408e_1681799352119.mp4,https://cdn3.sharechat.com/contents/moj_3077133274/h264/NkbnkgL6G4TXGBWoN41OcvWvrKn9wVt445p9J3l.mp4
3077163095,https://cdn4.sharechat.com/9e0568f_1681800789072.mp4,https://cdn3.sharechat.com/contents/moj_3077163095/compressed/2r7wN33WrwU5Xd0L7PbbIK7wjv3b5KTpBvXR.mp4
3077156173,https://cdn4.sharechat.com/11023dab_1681800449321.mp4,https://cdn3.sharechat.com/contents/moj_3077156173/attributed/11VdO3yDJ2SEXRxe6OOGub4ZOeXjxviN6343.mp4
3077132269,https://cdn3.sharechat.com/attribute_removed_new_3077132269_789371_625894_1c1a05e5_168179930.mp4,https://cdn3.sharechat.com/contents/moj_3077132269/per-h265/QkERbE824OuRAAAwOAWlu4krylNPdNfr3yDwvJGBFGeL4DP.mp4
3077173077,https://cdn4.sharechat.com/125c785a_1681801291734.mp4,https://cdn3.sharechat.com/contents/moj_3077173077/h264/7kpgkZE5w9TJjv7rnxJ4ukyRGvnyLYsvQ1Wk4Nx1.mp4
3077142780,https://cdn3.sharechat.com/attribute_removed_new_3077142780_878754_800377_392f37a9_168179979.mp4,https://cdn3.sharechat.com/contents/moj_3077142780/per-h265/7kjQmjYR60uKmmm09m31H8pPpjgjOOSv5WKDLQ3muLEX37.mp4
3077157266,https://cdn4.sharechat.com/1531b27_1681800505833.mp4,https://cdn3.sharechat.com/contents/moj_3077157266/h265/Nkbnkg7lXoFXGBWoN4pGSvWLANPWBbU48ArwZdn.mp4
3077149800,https://cdn4.sharechat.com/26b6f6a1_1681800143610.mp4,https://cdn3.sharechat.com/contents/moj_3077149800/per-h265/Rr4Db48LNOSD222Lv2AdC9VRVZv4vpuAgjvjRb1lf306nvp.mp4
3077158153,https://cdn4.sharechat.com/2a889a7c_1681800542425.mp4,https://cdn3.sharechat.com/contents/moj_3077158153/attributed/DrB3vN9LmPSp1XAZNddmtAyNR6pE7BuwRB9n.mp4
3077160066,https://cdn4.sharechat.com/275f65c_1681800639950.mp4,https://cdn3.sharechat.com/contents/moj_3077160066/compressed/jPreKYYBPeTwlbpKdYkkIJQrm9XR8vtpx6kr.mp4
3077149943,https://cdn4.sharechat.com/239dfee4_1681800150333.mp4,https://cdn3.sharechat.com/contents/moj_3077149943/attributed/Arb9dL3nYDSV3pQwgvv2iJrgoBNY3mINVd3m.mp4
3077142557,https://cdn3.sharechat.com/attribute_removed_new_3077142557_71919_952042_504d488_1681799782.mp4,https://cdn3.sharechat.com/contents/moj_3077142557/per-h265/Gk1X817l6OuLXXXK8XPbS9xbxkVO0ns52b5N9o6kH9gjmx.mp4
3077147413,https://cdn4.sharechat.com/ed1a240_1681800024699.mp4,https://cdn3.sharechat.com/contents/moj_3077147413/h264/krj9rGewvgTbGdYljg4DHon0O40RkJHvvN95P2G.mp4
3077148368,https://cdn4.sharechat.com/607ac0_1681800073124.mp4,https://cdn3.sharechat.com/contents/moj_3077148368/h265/x6AO6wGjdmsE7YV3yKrPcE0V94m75mF22KPR61B.mp4
3077142106,https://cdn4.sharechat.com/1ded8566_1681799760859.mp4,https://cdn3.sharechat.com/contents/moj_3077142106/per-h265/br9Po924dOS4OOOn9OljF15d5moOkBHmPnX47dAVTJ9Npp.mp4
3077130270,https://cdn4.sharechat.com/66396cb_1681799203647.mp4,https://cdn3.sharechat.com/contents/moj_3077130270/per-h265/Gk1X817l6OuLXXXK8XPbS9xbX0Y5JwuYEokyPdQgu9krgg.mp4
3077137557,https://cdn4.sharechat.com/e47caa4_1681799543547.mp4,https://cdn3.sharechat.com/contents/moj_3077137557/h265/lrB8rn6Xv9TBWe7V0rQPtmkljP2dKJikQ1L2j4e8.mp4
3077149566,https://cdn4.sharechat.com/225a3f7c_1681800130853.mp4,https://cdn3.sharechat.com/contents/moj_3077149566/compressed/jPreKYYBPeTwlbpKdYkkIJQrm9XRObIpVNLw.mp4
3077161530,https://cdn4.sharechat.com/22021ea5_1681800717503.mp4,https://cdn3.sharechat.com/contents/moj_3077161530/attributed/5rNdg4yDOeSdE0rn2ppLc2Dnw1gydAsp5JLr.mp4
3077136786,https://cdn4.sharechat.com/140e39f4_1681799507049.mp4,https://cdn3.sharechat.com/contents/moj_3077136786/per-h265/mrREZR4dgYSpeeeEmeAVIe1rxbo8rPI6Rj8m3m2GTovN55.mp4
3077151535,https://cdn4.sharechat.com/346eb601_1681800227391.mp4,https://cdn3.sharechat.com/contents/moj_3077151535/h264/n6l869pZ3vh7GWxKZRmlu9jEl5vJp7TZbVwYkdl0.mp4
3077155523,https://cdn4.sharechat.com/2c4c3bbe_1681800419600.mp4,https://cdn3.sharechat.com/contents/moj_3077155523/h264/n6l869pZ3vh7GWxKZRmyH9j3NER20WCZbVwYBG8V.mp4
3077137761,https://cdn4.sharechat.com/c2b0963_1681799551721.mp4,https://cdn3.sharechat.com/contents/moj_3077137761/per-h265/eOXRjXWZJGsYVVV4wVX3UxLODnVngNcRjx5bB3QyH8EjxW.mp4
3077149660,https://cdn3.sharechat.com/attribute_removed_new_3077149660_296239_138879_2fbb2798_168180013.mp4,https://cdn3.sharechat.com/contents/moj_3077149660/h265/jxl8xv5nkAu2j6AZDgJPsA44KKJDEliOKmgdoj80.mp4
3077143247,https://cdn4.sharechat.com/21d18af7_1681799817532.mp4,https://cdn3.sharechat.com/contents/moj_3077143247/h265/EkG7krnxNEFkKwdeW712TwQVlGXRVLUppnPDLNg.mp4
3077164058,https://cdn4.sharechat.com/2f266c6c_1681800840561.mp4,https://cdn3.sharechat.com/contents/moj_3077164058/h265/p6AO6E5rNVs83GxA5RrVHpJAPxVm2eSLLxY9KrX.mp4
3077138938,https://cdn4.sharechat.com/1c2cae04_1681799609539.mp4,https://cdn3.sharechat.com/contents/moj_3077138938/per-h265/yDQp5QL3g2cW333p43KjU8lROPB7Q9U2m6plOXB8fPnwYY.mp4
3077143993,https://cdn4.sharechat.com/1f651bdf_1681799856488.mp4,https://cdn3.sharechat.com/contents/moj_3077143993/h264/OkZ3kgE6nNTGldAQYN32H9BlxrPRgNh33pn67Y4.mp4
3077138938,https://cdn4.sharechat.com/1c2cae04_1681799609539.mp4,https://cdn3.sharechat.com/contents/moj_3077138938/per-h265/n6W4DWN1gQf5eee4QeDPs9JkxY3mXOfVGXmNBdkbHKEBZZ.mp4
3077141734,https://cdn4.sharechat.com/a936d6c_1681799743340.mp4,https://cdn3.sharechat.com/contents/moj_3077141734/h264/Akd4kJygj5T5XQEO1L6PT8pNJAE0WXC884OBx8p.mp4
3077160741,https://cdn4.sharechat.com/3540c9b3_1681800675551.mp4,https://cdn3.sharechat.com/contents/moj_3077160741/h264/lrB8rn1ZGDTBWe7V0r69smKEGBye1rFyyD02QvP.mp4
3077157742,https://cdn4.sharechat.com/38e5dd94_1681800526721.mp4,https://cdn3.sharechat.com/contents/moj_3077157742/attributed/E5dVGY4EeWCoO5wrEggjuwPE2Dxb1PHx9Njv.mp4
3077153206,https://cdn3.sharechat.com/attribute_removed_new_3077153206_523640_310304_2694cc61_168180030.mp4,https://cdn3.sharechat.com/contents/moj_3077153206/compressed/rP3JlZZWPJTpPx64ve88FmrX8w0gEvIEyQ3r.mp4
3077155752,https://cdn4.sharechat.com/138c0682_1681800431873.mp4,https://cdn3.sharechat.com/contents/moj_3077155752/attributed/Q3RAr8noe7H4OoXl3nnJhX23WeN6w5uZp7gj.mp4
3077138813,https://cdn4.sharechat.com/17aff0f1_1681799602265.mp4,https://cdn3.sharechat.com/contents/moj_3077138813/per-h265/4eA4JAEQ6mtRXXXleXWGudVw9jD30rs2Dr1ZXdAyc9DJbB0.mp4
3077139399,https://cdn4.sharechat.com/1b96810e_1681799630085.mp4,https://cdn3.sharechat.com/contents/moj_3077139399/per-h265/o6vNbvYXg7fYDDDy8D29Ul758o4RDGs83J4LYJlgSmY2Xj.mp4
3077132290,https://cdn4.sharechat.com/2b50a156_1681799299763.mp4,https://cdn3.sharechat.com/contents/moj_3077132290/per-h265/Yrwkmw2d0OSkOOO9LOxlsR70jVBwEPUO74N403NDugvwRV.mp4
3077163611,https://cdn4.sharechat.com/1f31d058_1681800818221.mp4,https://cdn3.sharechat.com/contents/moj_3077163611/h265/PkZVkgv0KoFnrewGQYmnhEKolDeAresjjLom9j6.mp4
3077132138,https://cdn4.sharechat.com/4397579_1681799261799.mp4,https://cdn3.sharechat.com/contents/moj_3077132138/per-h265/AkXbBXLo6eumbbbj3b6wI8pjKWNvbrH7KpPQZJ3JuJrZWy.mp4
3077133232,https://cdn4.sharechat.com/27fb8f87_1681799349663.mp4,https://cdn3.sharechat.com/contents/moj_3077133232/per-h265/Yrwkmw2d0OSkOOO9LOxlsR70jVBXk1sODLEVZLQ8sgbKvv.mp4
3077129754,https://cdn4.sharechat.com/186ce188_1681799150127.mp4,https://cdn3.sharechat.com/contents/moj_3077129754/per-h265/EkKdjKYy6Ou0999NO91rSvgJOLOl5khyxGmv37GKTvNV88.mp4
3077158726,https://cdn3.sharechat.com/attribute_removed_new_3077158726_780314_682136_2fdda3ef_168180057.mp4,https://cdn3.sharechat.com/contents/moj_3077158726/attributed/wPjBD3E7r4SEZvNw911KuRmBPKrgNnFLQ5wZ.mp4
3077130617,https://cdn4.sharechat.com/683adb5_1681799222464.mp4,https://cdn3.sharechat.com/contents/moj_3077130617/h264/1oObo9v4EZSZQxo15KnninWO3x85v7Cl3gREX0Kx.mp4
3077147887,https://cdn4.sharechat.com/e18a1ec_1681800050350.mp4,https://cdn3.sharechat.com/contents/moj_3077147887/h265/brp8rgwZBLTgG0ZdyNlvs1E9O2ZddvHyyDn8xlB.mp4
3077126026,https://cdn4.sharechat.com/d6d7836_1681798995057.mp4,https://cdn3.sharechat.com/contents/moj_3077126026/h264/o6KO6Lpd8Ghdnv5EpWRlHw4J3XNRZec3r8Jo1YV2.mp4
3077142635,https://cdn3.sharechat.com/attribute_removed_new_3077142635_927113_826654_1ab99c71_168179978.mp4,https://cdn3.sharechat.com/contents/moj_3077142635/h265/3dKedAQ50Du8mV0En5gXc6AvKmrXO2cZZQEBY7y.mp4
3077136263,https://cdn4.sharechat.com/385973cd_1681799481105.mp4,https://cdn3.sharechat.com/contents/moj_3077136263/h264/7kpgkZE5w9TJjv7rnxd8IkvmPAb2m8Hbb9nkyb2.mp4